Transition,Central Freq (GHz),Amplitude (K),Width (GHz), E_upper (K)
6(0)-5(0),102.53436603081066,2.097423957000515,0.0009261144455578886, 17.22542
6(1)-5(1),102.53238555875987,1.5,0.0007643036812702121, 24.42607
6(2)-5(2),102.52664902517863,1.0917985454631056,0.0008113093237160479, 46.02789
6(3)-5(3),102.5169220153909,0.9841442474600036,0.0008695951739938529, 82.03088
6(4)-5(4),102.50306257916623,0.25,0.0007162455443300562, 132.43518
