Source,Freq Lower (GHz),Freq Upper (GHz),Std sample (K),Std population (K)
Proposal,N/A,N/A,,
12C16O,115.154357093,115.187929149271,0.170837759415407,0.170526862416335
12C17O,112.24234204,112.285070061213,0.0960488688467246,0.0959115580276303
12C18O,109.665289848,109.732435678385,0.103128824850869,0.10303502871973
13C16O,110.084475871,110.133309214689,0.110346820365239,0.1102088005234
